{
  "N": 364047,
  "D": 250,
  "K": 52,
  "variance_expliquee_cumulee": 0.9510907530784607,
  "variance_par_composante": [
    0.09248693287372589,
    0.07410165667533875,
    0.06653011590242386,
    0.048827264457941055,
    0.04229689761996269,
    0.039878860116004944,
    0.0371495746076107,
    0.03283881023526192,
    0.03228258714079857,
    0.028822030872106552,
    0.02742617391049862,
    0.025089533999562263,
    0.024244531989097595,
    0.0222137700766325,
    0.0207582525908947,
    0.02004813961684704,
    0.019057678058743477,
    0.018748344853520393,
    0.017490150406956673,
    0.016407767310738564,
    0.015495927073061466,
    0.015127805061638355,
    0.014001832343637943,
    0.013077370822429657,
    0.012410820461809635,
    0.012203242629766464,
    0.011128025129437447,
    0.010238365270197392,
    0.009987754747271538,
    0.00988173857331276,
    0.00909358449280262,
    0.008416377007961273,
    0.007907740771770477,
    0.007443578448146582,
    0.007092384621500969,
    0.007034122943878174,
    0.00680153863504529,
    0.006652432959526777,
    0.006275177001953125,
    0.0059178597293794155,
    0.005692686885595322,
    0.004902978893369436,
    0.0046706111170351505,
    0.004467072896659374,
    0.00428600562736392,
    0.004107736982405186,
    0.004014330916106701,
    0.003609509440138936,
    0.0034252747427672148,
    0.0032464275136590004,
    0.002994456561282277,
    0.0027868610341101885
  ]
}