{
  "K": 52,
  "variance_expliquee_cumulee": 0.9510965347290039,
  "variance_par_composante": [
    0.09248723834753036,
    0.07410284876823425,
    0.06653064489364624,
    0.04882795363664627,
    0.04229596257209778,
    0.03987930715084076,
    0.03714953735470772,
    0.03283912315964699,
    0.03228263929486275,
    0.028822071850299835,
    0.02742663584649563,
    0.02508993074297905,
    0.02424483560025692,
    0.022214127704501152,
    0.020758599042892456,
    0.020048420876264572,
    0.019056785851716995,
    0.018748557195067406,
    0.01749025098979473,
    0.016408035531640053,
    0.015496178530156612,
    0.015128015540540218,
    0.014002054929733276,
    0.013077584095299244,
    0.012411022558808327,
    0.012203432619571686,
    0.011128113605082035,
    0.01023848820477724,
    0.009987911209464073,
    0.00988155510276556,
    0.009093459695577621,
    0.008416472002863884,
    0.007907677441835403,
    0.007443593814969063,
    0.007092284969985485,
    0.007034012116491795,
    0.006801645737141371,
    0.006652547512203455,
    0.006275282707065344,
    0.005917695816606283,
    0.005692784208804369,
    0.004902811720967293,
    0.004670593421906233,
    0.00446711853146553,
    0.00428607827052474,
    0.004107796587049961,
    0.004014371894299984,
    0.003609528997913003,
    0.0034252330660820007,
    0.003246384672820568,
    0.002994488226249814,
    0.0027866982854902744
  ]
}